Workbook

Sheet Guide
A1: Employer Brand Campaign Tracker
A2: Plan, run and report on recruitment marketing campaigns in one Excel file
A4: What this workbook does
B5: One place to plan campaign content, log results by channel, check the careers website, and keep track of tasks with recruiters, agencies and suppliers. Every number on the Dashboard and in the charts is a formula, so it changes the moment you change an entry.
A6: Sheets
A7: Dashboard | B7: Headline numbers, results by channel and campaign, content and task status, careers page checks, and two charts.
A8: Settings | B8: The report date, the two targets, and the channel names.
A9: Campaigns | B9: One row per campaign: ID, name, goal, dates and status. Room for 20 campaigns; the Dashboard shows the first 8.
A10: Content_Calendar | B10: What is going out, when, on which channel, who owns it, and its status. Late items are flagged. Room for 300 rows.
A11: Performance | B11: Results by campaign and channel: impressions, clicks, careers page visits and applications. Room for 300 rows.
A12: Careers_QA | B12: A checklist for careers website pages: pass, needs update, or fail.
A13: Tasks | B13: Follow-ups with recruiters, agencies, suppliers and internal teams, with due dates. Late tasks are flagged.
A14: How to use it
A15: 1 | B15: Type only in the yellow cells with blue text. Other cells are formulas.
A16: 2 | B16: Add each campaign on the Campaigns sheet, then use its Campaign ID on the other sheets.
A17: 3 | B17: Set the report date, targets and channel names on Settings. Update the report date each time you refresh the report.
A18: 4 | B18: Read the Dashboard.
A19: Measures
A20: CTR | B20: Clicks divided by Impressions.
A21: Visit-to-apply rate | B21: Applications divided by Careers page visits.
A22: Result | B22: On target if CTR and visit-to-apply rate are both at or above the targets, otherwise Below target.
A23: Overdue | B23: A content item or task is Overdue when its date is before the report date and it is not Live, Done or (for tasks) Done.
A24: Checks
A25: Data check | B25: Performance rows say Check numbers if Clicks are more than Impressions, Applications are more than Careers page visits, or any number is negative.
A26: ID check | B26: Flags a Campaign ID that is repeated on Campaigns, or used on another sheet but not listed on Campaigns.
A27: Other rows | B27: Anything on a channel or campaign that is not listed on Settings or Campaigns lands in the Other row, so Dashboard totals always match the data sheets.
A28: IMPORTANT
B29: Every row in this file is SAMPLE DATA for a fictional company. Delete the sample rows and enter your own before drawing any conclusion. The targets on Settings are assumptions, not industry figures.
A31: Colour legend
A32: Blue text, yellow cell | B32: Type here (inputs).
A33: Black text | B33: Formula. Do not type here.

Sheet Dashboard
A1: Dashboard
A2: Every number here is a formula built from the other sheets. Change an entry and this page and its charts update.
A3: =IF(COUNTIF(Performance!$L$5:$L$304,"Check numbers")+COUNTIF(Content_Calendar!$I$5:$I$304,"ID not found")+COUNTIF(Performance!$H$5:$H$304,"ID not found")+COUNTIF(Campaigns!$G$5:$G$24,"Duplicate ID")=0,"Data check: all rows OK","Data check: "&(COUNTIF(Performance!$L$5:$L$304,"Check numbers")+COUNTIF(Content_Calendar!$I$5:$I$304,"ID not found")+COUNTIF(Performance!$H$5:$H$304,"ID not found")+COUNTIF(Campaigns!$G$5:$G$24,"Duplicate ID"))&" item(s) need checking (see the Check numbers and ID not found flags)") -> Data check: all rows OK
A5: Headline numbers
A6: Impressions / sends | B6: Clicks | C6: CTR | D6: Careers page visits | E6: Applications | F6: Visit-to-apply rate
A7: =SUM(Performance!$D$5:$D$304) -> 258582 | B7: =SUM(Performance!$E$5:$E$304) -> 7277 | C7: =IF(A7>0,B7/A7,0) -> 0.028141943 | D7: =SUM(Performance!$F$5:$F$304) -> 5933 | E7: =SUM(Performance!$G$5:$G$304) -> 258 | F7: =IF(D7>0,E7/D7,0) -> 0.043485589
A9: Results by channel
A10: Channel | B10: Impressions / sends | C10: Clicks | D10: CTR | E10: Careers page visits | F10: Applications | G10: Visit-to-apply rate
A11: =IF(Settings!$E$5="","",Settings!$E$5) -> LinkedIn | B11: =IF($A11="","",SUMIFS(Performance!$D$5:$D$304,Performance!$C$5:$C$304,$A11)) -> 78300 | C11: =IF($A11="","",SUMIFS(Performance!$E$5:$E$304,Performance!$C$5:$C$304,$A11)) -> 1627 | D11: =IF($A11="","",IF(B11>0,C11/B11,0)) -> 0.020779055 | E11: =IF($A11="","",SUMIFS(Performance!$F$5:$F$304,Performance!$C$5:$C$304,$A11)) -> 1440 | F11: =IF($A11="","",SUMIFS(Performance!$G$5:$G$304,Performance!$C$5:$C$304,$A11)) -> 71 | G11: =IF($A11="","",IF(E11>0,F11/E11,0)) -> 0.049305556
A12: =IF(Settings!$E$6="","",Settings!$E$6) -> Instagram | B12: =IF($A12="","",SUMIFS(Performance!$D$5:$D$304,Performance!$C$5:$C$304,$A12)) -> 48727 | C12: =IF($A12="","",SUMIFS(Performance!$E$5:$E$304,Performance!$C$5:$C$304,$A12)) -> 631 | D12: =IF($A12="","",IF(B12>0,C12/B12,0)) -> 0.012949699 | E12: =IF($A12="","",SUMIFS(Performance!$F$5:$F$304,Performance!$C$5:$C$304,$A12)) -> 512 | F12: =IF($A12="","",SUMIFS(Performance!$G$5:$G$304,Performance!$C$5:$C$304,$A12)) -> 19 | G12: =IF($A12="","",IF(E12>0,F12/E12,0)) -> 0.037109375
A13: =IF(Settings!$E$7="","",Settings!$E$7) -> Email | B13: =IF($A13="","",SUMIFS(Performance!$D$5:$D$304,Performance!$C$5:$C$304,$A13)) -> 72796 | C13: =IF($A13="","",SUMIFS(Performance!$E$5:$E$304,Performance!$C$5:$C$304,$A13)) -> 3478 | D13: =IF($A13="","",IF(B13>0,C13/B13,0)) -> 0.04777735 | E13: =IF($A13="","",SUMIFS(Performance!$F$5:$F$304,Performance!$C$5:$C$304,$A13)) -> 2713 | F13: =IF($A13="","",SUMIFS(Performance!$G$5:$G$304,Performance!$C$5:$C$304,$A13)) -> 103 | G13: =IF($A13="","",IF(E13>0,F13/E13,0)) -> 0.037965352
A14: =IF(Settings!$E$8="","",Settings!$E$8) -> Careers Website | B14: =IF($A14="","",SUMIFS(Performance!$D$5:$D$304,Performance!$C$5:$C$304,$A14)) -> 58759 | C14: =IF($A14="","",SUMIFS(Performance!$E$5:$E$304,Performance!$C$5:$C$304,$A14)) -> 1541 | D14: =IF($A14="","",IF(B14>0,C14/B14,0)) -> 0.02622577 | E14: =IF($A14="","",SUMIFS(Performance!$F$5:$F$304,Performance!$C$5:$C$304,$A14)) -> 1268 | F14: =IF($A14="","",SUMIFS(Performance!$G$5:$G$304,Performance!$C$5:$C$304,$A14)) -> 65 | G14: =IF($A14="","",IF(E14>0,F14/E14,0)) -> 0.05126183
A15: Other (not on Settings list) | B15: =B16-SUM(B11:B14) -> 0 | C15: =C16-SUM(C11:C14) -> 0 | D15: =IF(FALSE(),"",IF(B15>0,C15/B15,0)) -> 0 | E15: =E16-SUM(E11:E14) -> 0 | F15: =F16-SUM(F11:F14) -> 0 | G15: =IF(FALSE(),"",IF(E15>0,F15/E15,0)) -> 0
A16: Total | B16: =SUM(Performance!$D$5:$D$304) -> 258582 | C16: =SUM(Performance!$E$5:$E$304) -> 7277 | D16: =IF(FALSE(),"",IF(B16>0,C16/B16,0)) -> 0.028141943 | E16: =SUM(Performance!$F$5:$F$304) -> 5933 | F16: =SUM(Performance!$G$5:$G$304) -> 258 | G16: =IF(FALSE(),"",IF(E16>0,F16/E16,0)) -> 0.043485589
A18: Results by campaign
A19: Campaign ID | B19: Campaign | C19: Content items | D19: Live or done | E19: Impressions / sends | F19: Clicks | G19: CTR | H19: Applications | I19: Visit-to-apply rate
A20: =IF(Campaigns!A5="","",Campaigns!A5) -> C01 | B20: =IF($A20="","",IF(COUNTIF($A$20:$A20,$A20)>1,"Duplicate ID, see Campaigns",Campaigns!B5)) -> Graduate Hiring Drive | C20: =IF($A20="","",IF(COUNTIF($A$20:$A20,$A20)>1,0,COUNTIFS(Content_Calendar!$B$5:$B$304,$A20))) -> 7 | D20: =IF($A20="","",IF(COUNTIF($A$20:$A20,$A20)>1,0,COUNTIFS(Content_Calendar!$B$5:$B$304,$A20,Content_Calendar!$G$5:$G$304,"Live")+COUNTIFS(Content_Calendar!$B$5:$B$304,$A20,Content_Calendar!$G$5:$G$304,"Done"))) -> 7 | E20: =IF($A20="","",IF(COUNTIF($A$20:$A20,$A20)>1,0,SUMIFS(Performance!$D$5:$D$304,Performance!$B$5:$B$304,$A20))) -> 62827 | F20: =IF($A20="","",IF(COUNTIF($A$20:$A20,$A20)>1,0,SUMIFS(Performance!$E$5:$E$304,Performance!$B$5:$B$304,$A20))) -> 1587 | G20: =IF($A20="","",IF(E20>0,F20/E20,0)) -> 0.025259841 | H20: =IF($A20="","",IF(COUNTIF($A$20:$A20,$A20)>1,0,SUMIFS(Performance!$G$5:$G$304,Performance!$B$5:$B$304,$A20))) -> 65 | I20: =IF($A20="","",IF(COUNTIF($A$20:$A20,$A20)>1,0,IF(SUMIFS(Performance!$F$5:$F$304,Performance!$B$5:$B$304,$A20)>0,H20/SUMIFS(Performance!$F$5:$F$304,Performance!$B$5:$B$304,$A20),0))) -> 0.053061224
A21: =IF(Campaigns!A6="","",Campaigns!A6) -> C02 | B21: =IF($A21="","",IF(COUNTIF($A$20:$A21,$A21)>1,"Duplicate ID, see Campaigns",Campaigns!B6)) -> Employee Stories Series | C21: =IF($A21="","",IF(COUNTIF($A$20:$A21,$A21)>1,0,COUNTIFS(Content_Calendar!$B$5:$B$304,$A21))) -> 7 | D21: =IF($A21="","",IF(COUNTIF($A$20:$A21,$A21)>1,0,COUNTIFS(Content_Calendar!$B$5:$B$304,$A21,Content_Calendar!$G$5:$G$304,"Live")+COUNTIFS(Content_Calendar!$B$5:$B$304,$A21,Content_Calendar!$G$5:$G$304,"Done"))) -> 6 | E21: =IF($A21="","",IF(COUNTIF($A$20:$A21,$A21)>1,0,SUMIFS(Performance!$D$5:$D$304,Performance!$B$5:$B$304,$A21))) -> 56112 | F21: =IF($A21="","",IF(COUNTIF($A$20:$A21,$A21)>1,0,SUMIFS(Performance!$E$5:$E$304,Performance!$B$5:$B$304,$A21))) -> 1679 | G21: =IF($A21="","",IF(E21>0,F21/E21,0)) -> 0.029922298 | H21: =IF($A21="","",IF(COUNTIF($A$20:$A21,$A21)>1,0,SUMIFS(Performance!$G$5:$G$304,Performance!$B$5:$B$304,$A21))) -> 65 | I21: =IF($A21="","",IF(COUNTIF($A$20:$A21,$A21)>1,0,IF(SUMIFS(Performance!$F$5:$F$304,Performance!$B$5:$B$304,$A21)>0,H21/SUMIFS(Performance!$F$5:$F$304,Performance!$B$5:$B$304,$A21),0))) -> 0.047584187
A22: =IF(Campaigns!A7="","",Campaigns!A7) -> C03 | B22: =IF($A22="","",IF(COUNTIF($A$20:$A22,$A22)>1,"Duplicate ID, see Campaigns",Campaigns!B7)) -> Campus Careers Week | C22: =IF($A22="","",IF(COUNTIF($A$20:$A22,$A22)>1,0,COUNTIFS(Content_Calendar!$B$5:$B$304,$A22))) -> 6 | D22: =IF($A22="","",IF(COUNTIF($A$20:$A22,$A22)>1,0,COUNTIFS(Content_Calendar!$B$5:$B$304,$A22,Content_Calendar!$G$5:$G$304,"Live")+COUNTIFS(Content_Calendar!$B$5:$B$304,$A22,Content_Calendar!$G$5:$G$304,"Done"))) -> 5 | E22: =IF($A22="","",IF(COUNTIF($A$20:$A22,$A22)>1,0,SUMIFS(Performance!$D$5:$D$304,Performance!$B$5:$B$304,$A22))) -> 61477 | F22: =IF($A22="","",IF(COUNTIF($A$20:$A22,$A22)>1,0,SUMIFS(Performance!$E$5:$E$304,Performance!$B$5:$B$304,$A22))) -> 1921 | G22: =IF($A22="","",IF(E22>0,F22/E22,0)) -> 0.031247458 | H22: =IF($A22="","",IF(COUNTIF($A$20:$A22,$A22)>1,0,SUMIFS(Performance!$G$5:$G$304,Performance!$B$5:$B$304,$A22))) -> 60 | I22: =IF($A22="","",IF(COUNTIF($A$20:$A22,$A22)>1,0,IF(SUMIFS(Performance!$F$5:$F$304,Performance!$B$5:$B$304,$A22)>0,H22/SUMIFS(Performance!$F$5:$F$304,Performance!$B$5:$B$304,$A22),0))) -> 0.040106952
A23: =IF(Campaigns!A8="","",Campaigns!A8) -> C04 | B23: =IF($A23="","",IF(COUNTIF($A$20:$A23,$A23)>1,"Duplicate ID, see Campaigns",Campaigns!B8)) -> Careers Site Refresh | C23: =IF($A23="","",IF(COUNTIF($A$20:$A23,$A23)>1,0,COUNTIFS(Content_Calendar!$B$5:$B$304,$A23))) -> 6 | D23: =IF($A23="","",IF(COUNTIF($A$20:$A23,$A23)>1,0,COUNTIFS(Content_Calendar!$B$5:$B$304,$A23,Content_Calendar!$G$5:$G$304,"Live")+COUNTIFS(Content_Calendar!$B$5:$B$304,$A23,Content_Calendar!$G$5:$G$304,"Done"))) -> 5 | E23: =IF($A23="","",IF(COUNTIF($A$20:$A23,$A23)>1,0,SUMIFS(Performance!$D$5:$D$304,Performance!$B$5:$B$304,$A23))) -> 78166 | F23: =IF($A23="","",IF(COUNTIF($A$20:$A23,$A23)>1,0,SUMIFS(Performance!$E$5:$E$304,Performance!$B$5:$B$304,$A23))) -> 2090 | G23: =IF($A23="","",IF(E23>0,F23/E23,0)) -> 0.026737968 | H23: =IF($A23="","",IF(COUNTIF($A$20:$A23,$A23)>1,0,SUMIFS(Performance!$G$5:$G$304,Performance!$B$5:$B$304,$A23))) -> 68 | I23: =IF($A23="","",IF(COUNTIF($A$20:$A23,$A23)>1,0,IF(SUMIFS(Performance!$F$5:$F$304,Performance!$B$5:$B$304,$A23)>0,H23/SUMIFS(Performance!$F$5:$F$304,Performance!$B$5:$B$304,$A23),0))) -> 0.036836403
A24: =IF(Campaigns!A9="","",Campaigns!A9) | B24: =IF($A24="","",IF(COUNTIF($A$20:$A24,$A24)>1,"Duplicate ID, see Campaigns",Campaigns!B9)) | C24: =IF($A24="","",IF(COUNTIF($A$20:$A24,$A24)>1,0,COUNTIFS(Content_Calendar!$B$5:$B$304,$A24))) | D24: =IF($A24="","",IF(COUNTIF($A$20:$A24,$A24)>1,0,COUNTIFS(Content_Calendar!$B$5:$B$304,$A24,Content_Calendar!$G$5:$G$304,"Live")+COUNTIFS(Content_Calendar!$B$5:$B$304,$A24,Content_Calendar!$G$5:$G$304,"Done"))) | E24: =IF($A24="","",IF(COUNTIF($A$20:$A24,$A24)>1,0,SUMIFS(Performance!$D$5:$D$304,Performance!$B$5:$B$304,$A24))) | F24: =IF($A24="","",IF(COUNTIF($A$20:$A24,$A24)>1,0,SUMIFS(Performance!$E$5:$E$304,Performance!$B$5:$B$304,$A24))) | G24: =IF($A24="","",IF(E24>0,F24/E24,0)) | H24: =IF($A24="","",IF(COUNTIF($A$20:$A24,$A24)>1,0,SUMIFS(Performance!$G$5:$G$304,Performance!$B$5:$B$304,$A24))) | I24: =IF($A24="","",IF(COUNTIF($A$20:$A24,$A24)>1,0,IF(SUMIFS(Performance!$F$5:$F$304,Performance!$B$5:$B$304,$A24)>0,H24/SUMIFS(Performance!$F$5:$F$304,Performance!$B$5:$B$304,$A24),0)))
A25: =IF(Campaigns!A10="","",Campaigns!A10) | B25: =IF($A25="","",IF(COUNTIF($A$20:$A25,$A25)>1,"Duplicate ID, see Campaigns",Campaigns!B10)) | C25: =IF($A25="","",IF(COUNTIF($A$20:$A25,$A25)>1,0,COUNTIFS(Content_Calendar!$B$5:$B$304,$A25))) | D25: =IF($A25="","",IF(COUNTIF($A$20:$A25,$A25)>1,0,COUNTIFS(Content_Calendar!$B$5:$B$304,$A25,Content_Calendar!$G$5:$G$304,"Live")+COUNTIFS(Content_Calendar!$B$5:$B$304,$A25,Content_Calendar!$G$5:$G$304,"Done"))) | E25: =IF($A25="","",IF(COUNTIF($A$20:$A25,$A25)>1,0,SUMIFS(Performance!$D$5:$D$304,Performance!$B$5:$B$304,$A25))) | F25: =IF($A25="","",IF(COUNTIF($A$20:$A25,$A25)>1,0,SUMIFS(Performance!$E$5:$E$304,Performance!$B$5:$B$304,$A25))) | G25: =IF($A25="","",IF(E25>0,F25/E25,0)) | H25: =IF($A25="","",IF(COUNTIF($A$20:$A25,$A25)>1,0,SUMIFS(Performance!$G$5:$G$304,Performance!$B$5:$B$304,$A25))) | I25: =IF($A25="","",IF(COUNTIF($A$20:$A25,$A25)>1,0,IF(SUMIFS(Performance!$F$5:$F$304,Performance!$B$5:$B$304,$A25)>0,H25/SUMIFS(Performance!$F$5:$F$304,Performance!$B$5:$B$304,$A25),0)))
A26: =IF(Campaigns!A11="","",Campaigns!A11) | B26: =IF($A26="","",IF(COUNTIF($A$20:$A26,$A26)>1,"Duplicate ID, see Campaigns",Campaigns!B11)) | C26: =IF($A26="","",IF(COUNTIF($A$20:$A26,$A26)>1,0,COUNTIFS(Content_Calendar!$B$5:$B$304,$A26))) | D26: =IF($A26="","",IF(COUNTIF($A$20:$A26,$A26)>1,0,COUNTIFS(Content_Calendar!$B$5:$B$304,$A26,Content_Calendar!$G$5:$G$304,"Live")+COUNTIFS(Content_Calendar!$B$5:$B$304,$A26,Content_Calendar!$G$5:$G$304,"Done"))) | E26: =IF($A26="","",IF(COUNTIF($A$20:$A26,$A26)>1,0,SUMIFS(Performance!$D$5:$D$304,Performance!$B$5:$B$304,$A26))) | F26: =IF($A26="","",IF(COUNTIF($A$20:$A26,$A26)>1,0,SUMIFS(Performance!$E$5:$E$304,Performance!$B$5:$B$304,$A26))) | G26: =IF($A26="","",IF(E26>0,F26/E26,0)) | H26: =IF($A26="","",IF(COUNTIF($A$20:$A26,$A26)>1,0,SUMIFS(Performance!$G$5:$G$304,Performance!$B$5:$B$304,$A26))) | I26: =IF($A26="","",IF(COUNTIF($A$20:$A26,$A26)>1,0,IF(SUMIFS(Performance!$F$5:$F$304,Performance!$B$5:$B$304,$A26)>0,H26/SUMIFS(Performance!$F$5:$F$304,Performance!$B$5:$B$304,$A26),0)))
A27: =IF(Campaigns!A12="","",Campaigns!A12) | B27: =IF($A27="","",IF(COUNTIF($A$20:$A27,$A27)>1,"Duplicate ID, see Campaigns",Campaigns!B12)) | C27: =IF($A27="","",IF(COUNTIF($A$20:$A27,$A27)>1,0,COUNTIFS(Content_Calendar!$B$5:$B$304,$A27))) | D27: =IF($A27="","",IF(COUNTIF($A$20:$A27,$A27)>1,0,COUNTIFS(Content_Calendar!$B$5:$B$304,$A27,Content_Calendar!$G$5:$G$304,"Live")+COUNTIFS(Content_Calendar!$B$5:$B$304,$A27,Content_Calendar!$G$5:$G$304,"Done"))) | E27: =IF($A27="","",IF(COUNTIF($A$20:$A27,$A27)>1,0,SUMIFS(Performance!$D$5:$D$304,Performance!$B$5:$B$304,$A27))) | F27: =IF($A27="","",IF(COUNTIF($A$20:$A27,$A27)>1,0,SUMIFS(Performance!$E$5:$E$304,Performance!$B$5:$B$304,$A27))) | G27: =IF($A27="","",IF(E27>0,F27/E27,0)) | H27: =IF($A27="","",IF(COUNTIF($A$20:$A27,$A27)>1,0,SUMIFS(Performance!$G$5:$G$304,Performance!$B$5:$B$304,$A27))) | I27: =IF($A27="","",IF(COUNTIF($A$20:$A27,$A27)>1,0,IF(SUMIFS(Performance!$F$5:$F$304,Performance!$B$5:$B$304,$A27)>0,H27/SUMIFS(Performance!$F$5:$F$304,Performance!$B$5:$B$304,$A27),0)))
A28: Other | B28: Not in the first 8 campaigns | C28: =C29-SUM(C20:C27) -> 0 | D28: =D29-SUM(D20:D27) -> 0 | E28: =E29-SUM(E20:E27) -> 0 | F28: =F29-SUM(F20:F27) -> 0 | G28: =IF(FALSE(),"",IF(E28>0,F28/E28,0)) -> 0 | H28: =H29-SUM(H20:H27) -> 0 | I28: =IF(($D$7-(IF($A20="",0,IF(COUNTIF($A$20:$A20,$A20)>1,0,SUMIFS(Performance!$F$5:$F$304,Performance!$B$5:$B$304,$A20)))+IF($A21="",0,IF(COUNTIF($A$20:$A21,$A21)>1,0,SUMIFS(Performance!$F$5:$F$304,Performance!$B$5:$B$304,$A21)))+IF($A22="",0,IF(COUNTIF($A$20:$A22,$A22)>1,0,SUMIFS(Performance!$F$5:$F$304,Performance!$B$5:$B$304,$A22)))+IF($A23="",0,IF(COUNTIF($A$20:$A23,$A23)>1,0,SUMIFS(Performance!$F$5:$F$304,Performance!$B$5:$B$304,$A23)))+IF($A24="",0,IF(COUNTIF($A$20:$A24,$A24)>1,0,SUMIFS(Performance!$F$5:$F$304,Performance!$B$5:$B$304,$A24)))+IF($A25="",0,IF(COUNTIF($A$20:$A25,$A25)>1,0,SUMIFS(Performance!$F$5:$F$304,Performance!$B$5:$B$304,$A25)))+IF($A26="",0,IF(COUNTIF($A$20:$A26,$A26)>1,0,SUMIFS(Performance!$F$5:$F$304,Performance!$B$5:$B$304,$A26)))+IF($A27="",0,IF(COUNTIF($A$20:$A27,$A27)>1,0,SUMIFS(Performance!$F$5:$F$304,Performance!$B$5:$B$304,$A27)))))>0,H28/($D$7-(IF($A20="",0,IF(COUNTIF($A$20:$A20,$A20)>1,0,SUMIFS(Performance!$F$5:$F$304,Performance!$B$5:$B$304,$A20)))+IF($A21="",0,IF(COUNTIF($A$20:$A21,$A21)>1,0,SUMIFS(Performance!$F$5:$F$304,Performance!$B$5:$B$304,$A21)))+IF($A22="",0,IF(COUNTIF($A$20:$A22,$A22)>1,0,SUMIFS(Performance!$F$5:$F$304,Performance!$B$5:$B$304,$A22)))+IF($A23="",0,IF(COUNTIF($A$20:$A23,$A23)>1,0,SUMIFS(Performance!$F$5:$F$304,Performance!$B$5:$B$304,$A23)))+IF($A24="",0,IF(COUNTIF($A$20:$A24,$A24)>1,0,SUMIFS(Performance!$F$5:$F$304,Performance!$B$5:$B$304,$A24)))+IF($A25="",0,IF(COUNTIF($A$20:$A25,$A25)>1,0,SUMIFS(Performance!$F$5:$F$304,Performance!$B$5:$B$304,$A25)))+IF($A26="",0,IF(COUNTIF($A$20:$A26,$A26)>1,0,SUMIFS(Performance!$F$5:$F$304,Performance!$B$5:$B$304,$A26)))+IF($A27="",0,IF(COUNTIF($A$20:$A27,$A27)>1,0,SUMIFS(Performance!$F$5:$F$304,Performance!$B$5:$B$304,$A27))))),0) -> 0
A29: Total | C29: =COUNTIF(Content_Calendar!$B$5:$B$304,"<>") -> 26 | D29: =COUNTIF(Content_Calendar!$G$5:$G$304,"Live")+COUNTIF(Content_Calendar!$G$5:$G$304,"Done") -> 23 | E29: =SUM(Performance!$D$5:$D$304) -> 258582 | F29: =SUM(Performance!$E$5:$E$304) -> 7277 | G29: =IF(FALSE(),"",IF(E29>0,F29/E29,0)) -> 0.028141943 | H29: =SUM(Performance!$G$5:$G$304) -> 258 | I29: =IF(D7>0,H29/D7,0) -> 0.043485589
A31: Work status
A32: Item | B32: Count
A33: Content: planned | B33: =COUNTIF(Content_Calendar!$G$5:$G$304,"Planned") -> 0
A34: Content: in review | B34: =COUNTIF(Content_Calendar!$G$5:$G$304,"In review") -> 3
A35: Content: live | B35: =COUNTIF(Content_Calendar!$G$5:$G$304,"Live") -> 5
A36: Content: done | B36: =COUNTIF(Content_Calendar!$G$5:$G$304,"Done") -> 18
A37: Content: no status or other | B37: =COUNTIF(Content_Calendar!$B$5:$B$304,"<>")-COUNTIF(Content_Calendar!$G$5:$G$304,"Planned")-COUNTIF(Content_Calendar!$G$5:$G$304,"In review")-COUNTIF(Content_Calendar!$G$5:$G$304,"Live")-COUNTIF(Content_Calendar!$G$5:$G$304,"Done") -> 0
A38: Content: overdue | B38: =COUNTIF(Content_Calendar!$H$5:$H$304,"Overdue") -> 3
A39: Careers page checks: pass | B39: =COUNTIF(Careers_QA!$C$5:$C$104,"Pass") -> 11
A40: Careers page checks: needs update | B40: =COUNTIF(Careers_QA!$C$5:$C$104,"Needs update") -> 3
A41: Careers page checks: fail | B41: =COUNTIF(Careers_QA!$C$5:$C$104,"Fail") -> 1
A42: Careers page checks: pass rate | B42: =IF(COUNTA(Careers_QA!$C$5:$C$104)=0,0,COUNTIF(Careers_QA!$C$5:$C$104,"Pass")/COUNTA(Careers_QA!$C$5:$C$104)) -> 0.73333333
A43: Tasks: open | B43: =COUNTIF(Tasks!$F$5:$F$104,"Open") -> 8
A44: Tasks: overdue | B44: =COUNTIF(Tasks!$G$5:$G$104,"Overdue") -> 4

Sheet Settings
A1: Settings
A2: Change the yellow cells. Everything else updates.
A4: Setting | B4: Value | C4: Note | E4: Channel names
A5: Report date | B5: 46320 | C5: Used to flag overdue content and tasks. Update each time you refresh the report. | E5: LinkedIn
A6: Target CTR (clicks / impressions) | B6: 0.02 | C6: Author's assumption. Set your own goal. | E6: Instagram
A7: Target visit-to-apply rate | B7: 0.04 | C7: Author's assumption. Set your own goal. | E7: Email
E8: Careers Website
E10: These names fill the Channel dropdowns and the Dashboard channel table.

Sheet Campaigns
A1: Campaigns
A2: One row per campaign. The Campaign ID is used on every other sheet.
A3: SAMPLE DATA: made-up entries for a fictional company, to show how the tracker works. Replace with your own.
A4: Campaign ID | B4: Campaign name | C4: Goal | D4: Start | E4: End | F4: Status | G4: ID check
A5: C01 | B5: Graduate Hiring Drive | C5: Get more graduates to start an application | D5: 46266 | E5: 46326 | F5: Live | G5: =IF(A5="","",IF(COUNTIF($A$5:$A$24,A5)>1,"Duplicate ID","OK")) -> OK
A6: C02 | B6: Employee Stories Series | C6: Show real employee experiences on social and email | D6: 46273 | E6: 46341 | F6: Live | G6: =IF(A6="","",IF(COUNTIF($A$5:$A$24,A6)>1,"Duplicate ID","OK")) -> OK
A7: C03 | B7: Campus Careers Week | C7: Promote campus events and the careers site | D7: 46300 | E7: 46311 | F7: Done | G7: =IF(A7="","",IF(COUNTIF($A$5:$A$24,A7)>1,"Duplicate ID","OK")) -> OK
A8: C04 | B8: Careers Site Refresh | C8: Update careers pages and measure candidate visits | D8: 46280 | E8: 46356 | F8: Live | G8: =IF(A8="","",IF(COUNTIF($A$5:$A$24,A8)>1,"Duplicate ID","OK")) -> OK
G9: =IF(A9="","",IF(COUNTIF($A$5:$A$24,A9)>1,"Duplicate ID","OK"))
G10: =IF(A10="","",IF(COUNTIF($A$5:$A$24,A10)>1,"Duplicate ID","OK"))
G11: =IF(A11="","",IF(COUNTIF($A$5:$A$24,A11)>1,"Duplicate ID","OK"))
G12: =IF(A12="","",IF(COUNTIF($A$5:$A$24,A12)>1,"Duplicate ID","OK"))
G13: =IF(A13="","",IF(COUNTIF($A$5:$A$24,A13)>1,"Duplicate ID","OK"))
G14: =IF(A14="","",IF(COUNTIF($A$5:$A$24,A14)>1,"Duplicate ID","OK"))
G15: =IF(A15="","",IF(COUNTIF($A$5:$A$24,A15)>1,"Duplicate ID","OK"))
G16: =IF(A16="","",IF(COUNTIF($A$5:$A$24,A16)>1,"Duplicate ID","OK"))
G17: =IF(A17="","",IF(COUNTIF($A$5:$A$24,A17)>1,"Duplicate ID","OK"))
G18: =IF(A18="","",IF(COUNTIF($A$5:$A$24,A18)>1,"Duplicate ID","OK"))
G19: =IF(A19="","",IF(COUNTIF($A$5:$A$24,A19)>1,"Duplicate ID","OK"))
G20: =IF(A20="","",IF(COUNTIF($A$5:$A$24,A20)>1,"Duplicate ID","OK"))
... G24: =IF(A24="","",IF(COUNTIF($A$5:$A$24,A24)>1,"Duplicate ID","OK"))

Sheet Content_Calendar
A1: Content Calendar
A2: One row per piece of content. Overdue is worked out from the report date on Settings.
A3: SAMPLE DATA: made-up entries for a fictional company, to show how the tracker works. Replace with your own.
A4: Publish date | B4: Campaign ID | C4: Channel | D4: Content type | E4: Topic | F4: Owner | G4: Status | H4: Overdue? | I4: ID check
A5: 46269 | B5: C01 | C5: Instagram | D5: Web page update | E5: Life as a graduate | F5: Priya | G5: Done | H5: =IF(OR(B5="",G5="Live",G5="Done"),"",IF(A5<Settings!$B$5,"Overdue","")) | I5: =IF(B5="","",IF(COUNTIF(Campaigns!$A$5:$A$24,B5)=0,"ID not found","OK")) -> OK
A6: 46271 | B6: C02 | C6: Instagram | D6: Employee story | E6: Day in the life | F6: Rahul | G6: Done | H6: =IF(OR(B6="",G6="Live",G6="Done"),"",IF(A6<Settings!$B$5,"Overdue","")) | I6: =IF(B6="","",IF(COUNTIF(Campaigns!$A$5:$A$24,B6)=0,"ID not found","OK")) -> OK
A7: 46272 | B7: C03 | C7: Email | D7: Video | E7: Meet the team | F7: Neha | G7: Done | H7: =IF(OR(B7="",G7="Live",G7="Done"),"",IF(A7<Settings!$B$5,"Overdue","")) | I7: =IF(B7="","",IF(COUNTIF(Campaigns!$A$5:$A$24,B7)=0,"ID not found","OK")) -> OK
A8: 46275 | B8: C04 | C8: LinkedIn | D8: Web page update | E8: How to apply | F8: Aman | G8: Done | H8: =IF(OR(B8="",G8="Live",G8="Done"),"",IF(A8<Settings!$B$5,"Overdue","")) | I8: =IF(B8="","",IF(COUNTIF(Campaigns!$A$5:$A$24,B8)=0,"ID not found","OK")) -> OK
A9: 46276 | B9: C01 | C9: LinkedIn | D9: Post | E9: Interview tips | F9: Priya | G9: Done | H9: =IF(OR(B9="",G9="Live",G9="Done"),"",IF(A9<Settings!$B$5,"Overdue","")) | I9: =IF(B9="","",IF(COUNTIF(Campaigns!$A$5:$A$24,B9)=0,"ID not found","OK")) -> OK
A10: 46279 | B10: C02 | C10: Instagram | D10: Email | E10: Campus event recap | F10: Rahul | G10: Done | H10: =IF(OR(B10="",G10="Live",G10="Done"),"",IF(A10<Settings!$B$5,"Overdue","")) | I10: =IF(B10="","",IF(COUNTIF(Campaigns!$A$5:$A$24,B10)=0,"ID not found","OK")) -> OK
A11: 46280 | B11: C03 | C11: Careers Website | D11: Post | E11: Career paths | F11: Neha | G11: In review | H11: =IF(OR(B11="",G11="Live",G11="Done"),"",IF(A11<Settings!$B$5,"Overdue","")) -> Overdue | I11: =IF(B11="","",IF(COUNTIF(Campaigns!$A$5:$A$24,B11)=0,"ID not found","OK")) -> OK
A12: 46282 | B12: C04 | C12: Careers Website | D12: Web page update | E12: Benefits overview | F12: Aman | G12: Done | H12: =IF(OR(B12="",G12="Live",G12="Done"),"",IF(A12<Settings!$B$5,"Overdue","")) | I12: =IF(B12="","",IF(COUNTIF(Campaigns!$A$5:$A$24,B12)=0,"ID not found","OK")) -> OK
A13: 46285 | B13: C01 | C13: LinkedIn | D13: Employee story | E13: FAQ update | F13: Priya | G13: Done | H13: =IF(OR(B13="",G13="Live",G13="Done"),"",IF(A13<Settings!$B$5,"Overdue","")) | I13: =IF(B13="","",IF(COUNTIF(Campaigns!$A$5:$A$24,B13)=0,"ID not found","OK")) -> OK
A14: 46286 | B14: C02 | C14: Email | D14: Web page update | E14: Team spotlight | F14: Rahul | G14: Done | H14: =IF(OR(B14="",G14="Live",G14="Done"),"",IF(A14<Settings!$B$5,"Overdue","")) | I14: =IF(B14="","",IF(COUNTIF(Campaigns!$A$5:$A$24,B14)=0,"ID not found","OK")) -> OK
A15: 46288 | B15: C03 | C15: Email | D15: Web page update | E15: Life as a graduate | F15: Neha | G15: Done | H15: =IF(OR(B15="",G15="Live",G15="Done"),"",IF(A15<Settings!$B$5,"Overdue","")) | I15: =IF(B15="","",IF(COUNTIF(Campaigns!$A$5:$A$24,B15)=0,"ID not found","OK")) -> OK
A16: 46290 | B16: C04 | C16: Careers Website | D16: Post | E16: Day in the life | F16: Aman | G16: In review | H16: =IF(OR(B16="",G16="Live",G16="Done"),"",IF(A16<Settings!$B$5,"Overdue","")) -> Overdue | I16: =IF(B16="","",IF(COUNTIF(Campaigns!$A$5:$A$24,B16)=0,"ID not found","OK")) -> OK
... A30: 46318 | B30: C02 | C30: Instagram | D30: Post | E30: Campus event recap | F30: Rahul | G30: In review | H30: =IF(OR(B30="",G30="Live",G30="Done"),"",IF(A30<Settings!$B$5,"Overdue","")) -> Overdue | I30: =IF(B30="","",IF(COUNTIF(Campaigns!$A$5:$A$24,B30)=0,"ID not found","OK")) -> OK
H31: =IF(OR(B31="",G31="Live",G31="Done"),"",IF(A31<Settings!$B$5,"Overdue","")) | I31: =IF(B31="","",IF(COUNTIF(Campaigns!$A$5:$A$24,B31)=0,"ID not found","OK"))
H32: =IF(OR(B32="",G32="Live",G32="Done"),"",IF(A32<Settings!$B$5,"Overdue","")) | I32: =IF(B32="","",IF(COUNTIF(Campaigns!$A$5:$A$24,B32)=0,"ID not found","OK"))
H33: =IF(OR(B33="",G33="Live",G33="Done"),"",IF(A33<Settings!$B$5,"Overdue","")) | I33: =IF(B33="","",IF(COUNTIF(Campaigns!$A$5:$A$24,B33)=0,"ID not found","OK"))
H34: =IF(OR(B34="",G34="Live",G34="Done"),"",IF(A34<Settings!$B$5,"Overdue","")) | I34: =IF(B34="","",IF(COUNTIF(Campaigns!$A$5:$A$24,B34)=0,"ID not found","OK"))
H35: =IF(OR(B35="",G35="Live",G35="Done"),"",IF(A35<Settings!$B$5,"Overdue","")) | I35: =IF(B35="","",IF(COUNTIF(Campaigns!$A$5:$A$24,B35)=0,"ID not found","OK"))
H36: =IF(OR(B36="",G36="Live",G36="Done"),"",IF(A36<Settings!$B$5,"Overdue","")) | I36: =IF(B36="","",IF(COUNTIF(Campaigns!$A$5:$A$24,B36)=0,"ID not found","OK"))
H37: =IF(OR(B37="",G37="Live",G37="Done"),"",IF(A37<Settings!$B$5,"Overdue","")) | I37: =IF(B37="","",IF(COUNTIF(Campaigns!$A$5:$A$24,B37)=0,"ID not found","OK"))
H38: =IF(OR(B38="",G38="Live",G38="Done"),"",IF(A38<Settings!$B$5,"Overdue","")) | I38: =IF(B38="","",IF(COUNTIF(Campaigns!$A$5:$A$24,B38)=0,"ID not found","OK"))
H39: =IF(OR(B39="",G39="Live",G39="Done"),"",IF(A39<Settings!$B$5,"Overdue","")) | I39: =IF(B39="","",IF(COUNTIF(Campaigns!$A$5:$A$24,B39)=0,"ID not found","OK"))
H40: =IF(OR(B40="",G40="Live",G40="Done"),"",IF(A40<Settings!$B$5,"Overdue","")) | I40: =IF(B40="","",IF(COUNTIF(Campaigns!$A$5:$A$24,B40)=0,"ID not found","OK"))
H41: =IF(OR(B41="",G41="Live",G41="Done"),"",IF(A41<Settings!$B$5,"Overdue","")) | I41: =IF(B41="","",IF(COUNTIF(Campaigns!$A$5:$A$24,B41)=0,"ID not found","OK"))
H42: =IF(OR(B42="",G42="Live",G42="Done"),"",IF(A42<Settings!$B$5,"Overdue","")) | I42: =IF(B42="","",IF(COUNTIF(Campaigns!$A$5:$A$24,B42)=0,"ID not found","OK"))
... H304: =IF(OR(B304="",G304="Live",G304="Done"),"",IF(A304<Settings!$B$5,"Overdue","")) | I304: =IF(B304="","",IF(COUNTIF(Campaigns!$A$5:$A$24,B304)=0,"ID not found","OK"))

Sheet Performance
A1: Performance
A2: One row per campaign, channel and week. CTR, visit-to-apply rate and Result are formulas.
A3: SAMPLE DATA: made-up entries for a fictional company, to show how the tracker works. Replace with your own.
A4: Week starting | B4: Campaign ID | C4: Channel | D4: Impressions / sends | E4: Clicks | F4: Careers page visits | G4: Applications | H4: Campaign name | I4: CTR | J4: Visit-to-apply rate | K4: Result | L4: Data check
A5: 46272 | B5: C01 | C5: LinkedIn | D5: 7266 | E5: 145 | F5: 135 | G5: 10 | H5: =IF(B5="","",IFERROR(INDEX(Campaigns!$B$5:$B$24,MATCH(B5,Campaigns!$A$5:$A$24,0)),"ID not found")) -> Graduate Hiring Drive | I5: =IF(AND(B5<>"",D5>0),E5/D5,"") -> 0.019955959 | J5: =IF(AND(B5<>"",F5>0),G5/F5,"") -> 0.074074074 | K5: =IF(OR(I5="",J5=""),"",IF(AND(I5>=Settings!$B$6,J5>=Settings!$B$7),"On target","Below target")) -> Below target | L5: =IF(B5="","",IF(OR(E5>D5,G5>F5,D5<0,E5<0,F5<0,G5<0),"Check numbers","OK")) -> OK
A6: 46272 | B6: C02 | C6: Instagram | D6: 2508 | E6: 27 | F6: 25 | G6: 0 | H6: =IF(B6="","",IFERROR(INDEX(Campaigns!$B$5:$B$24,MATCH(B6,Campaigns!$A$5:$A$24,0)),"ID not found")) -> Employee Stories Series | I6: =IF(AND(B6<>"",D6>0),E6/D6,"") -> 0.01076555 | J6: =IF(AND(B6<>"",F6>0),G6/F6,"") -> 0 | K6: =IF(OR(I6="",J6=""),"",IF(AND(I6>=Settings!$B$6,J6>=Settings!$B$7),"On target","Below target")) -> Below target | L6: =IF(B6="","",IF(OR(E6>D6,G6>F6,D6<0,E6<0,F6<0,G6<0),"Check numbers","OK")) -> OK
A7: 46272 | B7: C03 | C7: Email | D7: 8651 | E7: 538 | F7: 413 | G7: 8 | H7: =IF(B7="","",IFERROR(INDEX(Campaigns!$B$5:$B$24,MATCH(B7,Campaigns!$A$5:$A$24,0)),"ID not found")) -> Campus Careers Week | I7: =IF(AND(B7<>"",D7>0),E7/D7,"") -> 0.062189342 | J7: =IF(AND(B7<>"",F7>0),G7/F7,"") -> 0.01937046 | K7: =IF(OR(I7="",J7=""),"",IF(AND(I7>=Settings!$B$6,J7>=Settings!$B$7),"On target","Below target")) -> Below target | L7: =IF(B7="","",IF(OR(E7>D7,G7>F7,D7<0,E7<0,F7<0,G7<0),"Check numbers","OK")) -> OK
A8: 46272 | B8: C04 | C8: Careers Website | D8: 12812 | E8: 291 | F8: 248 | G8: 9 | H8: =IF(B8="","",IFERROR(INDEX(Campaigns!$B$5:$B$24,MATCH(B8,Campaigns!$A$5:$A$24,0)),"ID not found")) -> Careers Site Refresh | I8: =IF(AND(B8<>"",D8>0),E8/D8,"") -> 0.022713081 | J8: =IF(AND(B8<>"",F8>0),G8/F8,"") -> 0.036290323 | K8: =IF(OR(I8="",J8=""),"",IF(AND(I8>=Settings!$B$6,J8>=Settings!$B$7),"On target","Below target")) -> Below target | L8: =IF(B8="","",IF(OR(E8>D8,G8>F8,D8<0,E8<0,F8<0,G8<0),"Check numbers","OK")) -> OK
A9: 46279 | B9: C01 | C9: Instagram | D9: 7598 | E9: 92 | F9: 86 | G9: 5 | H9: =IF(B9="","",IFERROR(INDEX(Campaigns!$B$5:$B$24,MATCH(B9,Campaigns!$A$5:$A$24,0)),"ID not found")) -> Graduate Hiring Drive | I9: =IF(AND(B9<>"",D9>0),E9/D9,"") -> 0.01210845 | J9: =IF(AND(B9<>"",F9>0),G9/F9,"") -> 0.058139535 | K9: =IF(OR(I9="",J9=""),"",IF(AND(I9>=Settings!$B$6,J9>=Settings!$B$7),"On target","Below target")) -> Below target | L9: =IF(B9="","",IF(OR(E9>D9,G9>F9,D9<0,E9<0,F9<0,G9<0),"Check numbers","OK")) -> OK
A10: 46279 | B10: C02 | C10: Email | D10: 4433 | E10: 141 | F10: 121 | G10: 1 | H10: =IF(B10="","",IFERROR(INDEX(Campaigns!$B$5:$B$24,MATCH(B10,Campaigns!$A$5:$A$24,0)),"ID not found")) -> Employee Stories Series | I10: =IF(AND(B10<>"",D10>0),E10/D10,"") -> 0.031806903 | J10: =IF(AND(B10<>"",F10>0),G10/F10,"") -> 0.0082644628 | K10: =IF(OR(I10="",J10=""),"",IF(AND(I10>=Settings!$B$6,J10>=Settings!$B$7),"On target","Below target")) -> Below target | L10: =IF(B10="","",IF(OR(E10>D10,G10>F10,D10<0,E10<0,F10<0,G10<0),"Check numbers","OK")) -> OK
A11: 46279 | B11: C03 | C11: Careers Website | D11: 10117 | E11: 375 | F11: 263 | G11: 14 | H11: =IF(B11="","",IFERROR(INDEX(Campaigns!$B$5:$B$24,MATCH(B11,Campaigns!$A$5:$A$24,0)),"ID not found")) -> Campus Careers Week | I11: =IF(AND(B11<>"",D11>0),E11/D11,"") -> 0.037066324 | J11: =IF(AND(B11<>"",F11>0),G11/F11,"") -> 0.053231939 | K11: =IF(OR(I11="",J11=""),"",IF(AND(I11>=Settings!$B$6,J11>=Settings!$B$7),"On target","Below target")) -> On target | L11: =IF(B11="","",IF(OR(E11>D11,G11>F11,D11<0,E11<0,F11<0,G11<0),"Check numbers","OK")) -> OK
A12: 46279 | B12: C04 | C12: LinkedIn | D12: 9830 | E12: 217 | F12: 205 | G12: 14 | H12: =IF(B12="","",IFERROR(INDEX(Campaigns!$B$5:$B$24,MATCH(B12,Campaigns!$A$5:$A$24,0)),"ID not found")) -> Careers Site Refresh | I12: =IF(AND(B12<>"",D12>0),E12/D12,"") -> 0.02207528 | J12: =IF(AND(B12<>"",F12>0),G12/F12,"") -> 0.068292683 | K12: =IF(OR(I12="",J12=""),"",IF(AND(I12>=Settings!$B$6,J12>=Settings!$B$7),"On target","Below target")) -> On target | L12: =IF(B12="","",IF(OR(E12>D12,G12>F12,D12<0,E12<0,F12<0,G12<0),"Check numbers","OK")) -> OK
A13: 46286 | B13: C01 | C13: Email | D13: 9368 | E13: 470 | F13: 321 | G13: 14 | H13: =IF(B13="","",IFERROR(INDEX(Campaigns!$B$5:$B$24,MATCH(B13,Campaigns!$A$5:$A$24,0)),"ID not found")) -> Graduate Hiring Drive | I13: =IF(AND(B13<>"",D13>0),E13/D13,"") -> 0.050170794 | J13: =IF(AND(B13<>"",F13>0),G13/F13,"") -> 0.043613707 | K13: =IF(OR(I13="",J13=""),"",IF(AND(I13>=Settings!$B$6,J13>=Settings!$B$7),"On target","Below target")) -> On target | L13: =IF(B13="","",IF(OR(E13>D13,G13>F13,D13<0,E13<0,F13<0,G13<0),"Check numbers","OK")) -> OK
A14: 46286 | B14: C02 | C14: Careers Website | D14: 5987 | E14: 107 | F14: 97 | G14: 8 | H14: =IF(B14="","",IFERROR(INDEX(Campaigns!$B$5:$B$24,MATCH(B14,Campaigns!$A$5:$A$24,0)),"ID not found")) -> Employee Stories Series | I14: =IF(AND(B14<>"",D14>0),E14/D14,"") -> 0.017872056 | J14: =IF(AND(B14<>"",F14>0),G14/F14,"") -> 0.082474227 | K14: =IF(OR(I14="",J14=""),"",IF(AND(I14>=Settings!$B$6,J14>=Settings!$B$7),"On target","Below target")) -> Below target | L14: =IF(B14="","",IF(OR(E14>D14,G14>F14,D14<0,E14<0,F14<0,G14<0),"Check numbers","OK")) -> OK
A15: 46286 | B15: C03 | C15: LinkedIn | D15: 12211 | E15: 226 | F15: 206 | G15: 6 | H15: =IF(B15="","",IFERROR(INDEX(Campaigns!$B$5:$B$24,MATCH(B15,Campaigns!$A$5:$A$24,0)),"ID not found")) -> Campus Careers Week | I15: =IF(AND(B15<>"",D15>0),E15/D15,"") -> 0.018507903 | J15: =IF(AND(B15<>"",F15>0),G15/F15,"") -> 0.029126214 | K15: =IF(OR(I15="",J15=""),"",IF(AND(I15>=Settings!$B$6,J15>=Settings!$B$7),"On target","Below target")) -> Below target | L15: =IF(B15="","",IF(OR(E15>D15,G15>F15,D15<0,E15<0,F15<0,G15<0),"Check numbers","OK")) -> OK
A16: 46286 | B16: C04 | C16: Instagram | D16: 8959 | E16: 175 | F16: 145 | G16: 8 | H16: =IF(B16="","",IFERROR(INDEX(Campaigns!$B$5:$B$24,MATCH(B16,Campaigns!$A$5:$A$24,0)),"ID not found")) -> Careers Site Refresh | I16: =IF(AND(B16<>"",D16>0),E16/D16,"") -> 0.01953343 | J16: =IF(AND(B16<>"",F16>0),G16/F16,"") -> 0.055172414 | K16: =IF(OR(I16="",J16=""),"",IF(AND(I16>=Settings!$B$6,J16>=Settings!$B$7),"On target","Below target")) -> Below target | L16: =IF(B16="","",IF(OR(E16>D16,G16>F16,D16<0,E16<0,F16<0,G16<0),"Check numbers","OK")) -> OK
... A36: 46321 | B36: C04 | C36: Email | D36: 8356 | E36: 436 | F36: 409 | G36: 6 | H36: =IF(B36="","",IFERROR(INDEX(Campaigns!$B$5:$B$24,MATCH(B36,Campaigns!$A$5:$A$24,0)),"ID not found")) -> Careers Site Refresh | I36: =IF(AND(B36<>"",D36>0),E36/D36,"") -> 0.052178076 | J36: =IF(AND(B36<>"",F36>0),G36/F36,"") -> 0.014669927 | K36: =IF(OR(I36="",J36=""),"",IF(AND(I36>=Settings!$B$6,J36>=Settings!$B$7),"On target","Below target")) -> Below target | L36: =IF(B36="","",IF(OR(E36>D36,G36>F36,D36<0,E36<0,F36<0,G36<0),"Check numbers","OK")) -> OK
H37: =IF(B37="","",IFERROR(INDEX(Campaigns!$B$5:$B$24,MATCH(B37,Campaigns!$A$5:$A$24,0)),"ID not found")) | I37: =IF(AND(B37<>"",D37>0),E37/D37,"") | J37: =IF(AND(B37<>"",F37>0),G37/F37,"") | K37: =IF(OR(I37="",J37=""),"",IF(AND(I37>=Settings!$B$6,J37>=Settings!$B$7),"On target","Below target")) | L37: =IF(B37="","",IF(OR(E37>D37,G37>F37,D37<0,E37<0,F37<0,G37<0),"Check numbers","OK"))
H38: =IF(B38="","",IFERROR(INDEX(Campaigns!$B$5:$B$24,MATCH(B38,Campaigns!$A$5:$A$24,0)),"ID not found")) | I38: =IF(AND(B38<>"",D38>0),E38/D38,"") | J38: =IF(AND(B38<>"",F38>0),G38/F38,"") | K38: =IF(OR(I38="",J38=""),"",IF(AND(I38>=Settings!$B$6,J38>=Settings!$B$7),"On target","Below target")) | L38: =IF(B38="","",IF(OR(E38>D38,G38>F38,D38<0,E38<0,F38<0,G38<0),"Check numbers","OK"))
H39: =IF(B39="","",IFERROR(INDEX(Campaigns!$B$5:$B$24,MATCH(B39,Campaigns!$A$5:$A$24,0)),"ID not found")) | I39: =IF(AND(B39<>"",D39>0),E39/D39,"") | J39: =IF(AND(B39<>"",F39>0),G39/F39,"") | K39: =IF(OR(I39="",J39=""),"",IF(AND(I39>=Settings!$B$6,J39>=Settings!$B$7),"On target","Below target")) | L39: =IF(B39="","",IF(OR(E39>D39,G39>F39,D39<0,E39<0,F39<0,G39<0),"Check numbers","OK"))
H40: =IF(B40="","",IFERROR(INDEX(Campaigns!$B$5:$B$24,MATCH(B40,Campaigns!$A$5:$A$24,0)),"ID not found")) | I40: =IF(AND(B40<>"",D40>0),E40/D40,"") | J40: =IF(AND(B40<>"",F40>0),G40/F40,"") | K40: =IF(OR(I40="",J40=""),"",IF(AND(I40>=Settings!$B$6,J40>=Settings!$B$7),"On target","Below target")) | L40: =IF(B40="","",IF(OR(E40>D40,G40>F40,D40<0,E40<0,F40<0,G40<0),"Check numbers","OK"))
H41: =IF(B41="","",IFERROR(INDEX(Campaigns!$B$5:$B$24,MATCH(B41,Campaigns!$A$5:$A$24,0)),"ID not found")) | I41: =IF(AND(B41<>"",D41>0),E41/D41,"") | J41: =IF(AND(B41<>"",F41>0),G41/F41,"") | K41: =IF(OR(I41="",J41=""),"",IF(AND(I41>=Settings!$B$6,J41>=Settings!$B$7),"On target","Below target")) | L41: =IF(B41="","",IF(OR(E41>D41,G41>F41,D41<0,E41<0,F41<0,G41<0),"Check numbers","OK"))
H42: =IF(B42="","",IFERROR(INDEX(Campaigns!$B$5:$B$24,MATCH(B42,Campaigns!$A$5:$A$24,0)),"ID not found")) | I42: =IF(AND(B42<>"",D42>0),E42/D42,"") | J42: =IF(AND(B42<>"",F42>0),G42/F42,"") | K42: =IF(OR(I42="",J42=""),"",IF(AND(I42>=Settings!$B$6,J42>=Settings!$B$7),"On target","Below target")) | L42: =IF(B42="","",IF(OR(E42>D42,G42>F42,D42<0,E42<0,F42<0,G42<0),"Check numbers","OK"))
H43: =IF(B43="","",IFERROR(INDEX(Campaigns!$B$5:$B$24,MATCH(B43,Campaigns!$A$5:$A$24,0)),"ID not found")) | I43: =IF(AND(B43<>"",D43>0),E43/D43,"") | J43: =IF(AND(B43<>"",F43>0),G43/F43,"") | K43: =IF(OR(I43="",J43=""),"",IF(AND(I43>=Settings!$B$6,J43>=Settings!$B$7),"On target","Below target")) | L43: =IF(B43="","",IF(OR(E43>D43,G43>F43,D43<0,E43<0,F43<0,G43<0),"Check numbers","OK"))
H44: =IF(B44="","",IFERROR(INDEX(Campaigns!$B$5:$B$24,MATCH(B44,Campaigns!$A$5:$A$24,0)),"ID not found")) | I44: =IF(AND(B44<>"",D44>0),E44/D44,"") | J44: =IF(AND(B44<>"",F44>0),G44/F44,"") | K44: =IF(OR(I44="",J44=""),"",IF(AND(I44>=Settings!$B$6,J44>=Settings!$B$7),"On target","Below target")) | L44: =IF(B44="","",IF(OR(E44>D44,G44>F44,D44<0,E44<0,F44<0,G44<0),"Check numbers","OK"))
H45: =IF(B45="","",IFERROR(INDEX(Campaigns!$B$5:$B$24,MATCH(B45,Campaigns!$A$5:$A$24,0)),"ID not found")) | I45: =IF(AND(B45<>"",D45>0),E45/D45,"") | J45: =IF(AND(B45<>"",F45>0),G45/F45,"") | K45: =IF(OR(I45="",J45=""),"",IF(AND(I45>=Settings!$B$6,J45>=Settings!$B$7),"On target","Below target")) | L45: =IF(B45="","",IF(OR(E45>D45,G45>F45,D45<0,E45<0,F45<0,G45<0),"Check numbers","OK"))
H46: =IF(B46="","",IFERROR(INDEX(Campaigns!$B$5:$B$24,MATCH(B46,Campaigns!$A$5:$A$24,0)),"ID not found")) | I46: =IF(AND(B46<>"",D46>0),E46/D46,"") | J46: =IF(AND(B46<>"",F46>0),G46/F46,"") | K46: =IF(OR(I46="",J46=""),"",IF(AND(I46>=Settings!$B$6,J46>=Settings!$B$7),"On target","Below target")) | L46: =IF(B46="","",IF(OR(E46>D46,G46>F46,D46<0,E46<0,F46<0,G46<0),"Check numbers","OK"))
H47: =IF(B47="","",IFERROR(INDEX(Campaigns!$B$5:$B$24,MATCH(B47,Campaigns!$A$5:$A$24,0)),"ID not found")) | I47: =IF(AND(B47<>"",D47>0),E47/D47,"") | J47: =IF(AND(B47<>"",F47>0),G47/F47,"") | K47: =IF(OR(I47="",J47=""),"",IF(AND(I47>=Settings!$B$6,J47>=Settings!$B$7),"On target","Below target")) | L47: =IF(B47="","",IF(OR(E47>D47,G47>F47,D47<0,E47<0,F47<0,G47<0),"Check numbers","OK"))
H48: =IF(B48="","",IFERROR(INDEX(Campaigns!$B$5:$B$24,MATCH(B48,Campaigns!$A$5:$A$24,0)),"ID not found")) | I48: =IF(AND(B48<>"",D48>0),E48/D48,"") | J48: =IF(AND(B48<>"",F48>0),G48/F48,"") | K48: =IF(OR(I48="",J48=""),"",IF(AND(I48>=Settings!$B$6,J48>=Settings!$B$7),"On target","Below target")) | L48: =IF(B48="","",IF(OR(E48>D48,G48>F48,D48<0,E48<0,F48<0,G48<0),"Check numbers","OK"))
... H304: =IF(B304="","",IFERROR(INDEX(Campaigns!$B$5:$B$24,MATCH(B304,Campaigns!$A$5:$A$24,0)),"ID not found")) | I304: =IF(AND(B304<>"",D304>0),E304/D304,"") | J304: =IF(AND(B304<>"",F304>0),G304/F304,"") | K304: =IF(OR(I304="",J304=""),"",IF(AND(I304>=Settings!$B$6,J304>=Settings!$B$7),"On target","Below target")) | L304: =IF(B304="","",IF(OR(E304>D304,G304>F304,D304<0,E304<0,F304<0,G304<0),"Check numbers","OK"))

Sheet Careers_QA
A1: Careers Website Quality Check
A2: One row per check. Mark each Pass, Needs update or Fail, and add a note for anything not passing.
A3: SAMPLE DATA: made-up entries for a fictional company, to show how the tracker works. Replace with your own.
A4: Page | B4: Check | C4: Result | D4: Date checked | E4: Notes
A5: Home page | B5: Apply button works and opens the right page | C5: Pass | D5: 46315
A6: Home page | B6: Page loads correctly on a phone | C6: Pass | D6: 46315
A7: Graduate page | B7: Closing dates are correct and current | C7: Needs update | D7: 46315 | E7: Update before next campaign push
A8: Graduate page | B8: Role descriptions match the latest job posts | C8: Pass | D8: 46315
A9: Graduate page | B9: Spelling and grammar checked | C9: Pass | D9: 46315
A10: Life at the company | B10: Employee story links open correctly | C10: Pass | D10: 46315
A11: Life at the company | B11: Photos have the right captions | C11: Needs update | D11: 46315 | E11: Update before next campaign push
A12: Life at the company | B12: Employee consent noted for every story | C12: Pass | D12: 46315
A13: FAQ | B13: Answers match the current hiring process | C13: Needs update | D13: 46315 | E13: Update before next campaign push
A14: FAQ | B14: Contact email is correct | C14: Pass | D14: 46315
A15: Application form | B15: Form submits and confirmation message appears | C15: Pass | D15: 46315
A16: Application form | B16: Required fields are clearly marked | C16: Pass | D16: 46315
A17: Campus page | B17: Event dates and venues are correct | C17: Fail | D17: 46315 | E17: Wrong dates shown; raise with web team
A18: Campus page | B18: Registration link works | C18: Pass | D18: 46315
A19: All pages | B19: Footer links and privacy notice work | C19: Pass | D19: 46315

Sheet Tasks
A1: Tasks and Follow-ups
A2: One row per task with a recruiter, agency, supplier or internal team. Overdue uses the report date on Settings.
A3: SAMPLE DATA: made-up entries for a fictional company, to show how the tracker works. Replace with your own.
A4: Task | B4: Campaign ID | C4: Partner type | D4: Contact / team | E4: Due date | F4: Status | G4: Overdue? | H4: Days overdue
A5: Confirm event dates for campus week | B5: C03 | C5: Recruiter | D5: Campus hiring team | E5: 46296 | F5: Done | G5: =IF(OR(A5="",F5="Done"),"",IF(E5<Settings!$B$5,"Overdue","")) | H5: =IF(G5="Overdue",Settings!$B$5-E5,"")
A6: Get approved photos for employee stories | B6: C02 | C6: Internal | D6: Communications | E6: 46305 | F6: Done | G6: =IF(OR(A6="",F6="Done"),"",IF(E6<Settings!$B$5,"Overdue","")) | H6: =IF(G6="Overdue",Settings!$B$5-E6,"")
A7: Receive final video edit for graduate drive | B7: C01 | C7: Supplier | D7: Video editor | E7: 46309 | F7: Done | G7: =IF(OR(A7="",F7="Done"),"",IF(E7<Settings!$B$5,"Overdue","")) | H7: =IF(G7="Overdue",Settings!$B$5-E7,"")
A8: Share draft email copy for review | B8: C01 | C8: Internal | D8: Brand team | E8: 46313 | F8: Done | G8: =IF(OR(A8="",F8="Done"),"",IF(E8<Settings!$B$5,"Overdue","")) | H8: =IF(G8="Overdue",Settings!$B$5-E8,"")
A9: Get consent form back from featured employee | B9: C02 | C9: Internal | D9: HR partner | E9: 46315 | F9: Open | G9: =IF(OR(A9="",F9="Done"),"",IF(E9<Settings!$B$5,"Overdue","")) -> Overdue | H9: =IF(G9="Overdue",Settings!$B$5-E9,"") -> 5
A10: Send updated job descriptions for careers page | B10: C04 | C10: Recruiter | D10: Talent acquisition | E10: 46316 | F10: Open | G10: =IF(OR(A10="",F10="Done"),"",IF(E10<Settings!$B$5,"Overdue","")) -> Overdue | H10: =IF(G10="Overdue",Settings!$B$5-E10,"") -> 4
A11: Approve social ad creatives | B11: C01 | C11: Agency | D11: Social media agency | E11: 46318 | F11: Open | G11: =IF(OR(A11="",F11="Done"),"",IF(E11<Settings!$B$5,"Overdue","")) -> Overdue | H11: =IF(G11="Overdue",Settings!$B$5-E11,"") -> 2
A12: Fix wrong event dates on campus page | B12: C03 | C12: Internal | D12: Web team | E12: 46317 | F12: Open | G12: =IF(OR(A12="",F12="Done"),"",IF(E12<Settings!$B$5,"Overdue","")) -> Overdue | H12: =IF(G12="Overdue",Settings!$B$5-E12,"") -> 3
A13: Send weekly results summary | B13: C01 | C13: Internal | D13: Campaign manager | E13: 46321 | F13: Open | G13: =IF(OR(A13="",F13="Done"),"",IF(E13<Settings!$B$5,"Overdue","")) | H13: =IF(G13="Overdue",Settings!$B$5-E13,"")
A14: Book photographer for next story shoot | B14: C02 | C14: Supplier | D14: Photography vendor | E14: 46325 | F14: Open | G14: =IF(OR(A14="",F14="Done"),"",IF(E14<Settings!$B$5,"Overdue","")) | H14: =IF(G14="Overdue",Settings!$B$5-E14,"")
A15: Review FAQ answers with recruiters | B15: C04 | C15: Recruiter | D15: Talent acquisition | E15: 46323 | F15: Open | G15: =IF(OR(A15="",F15="Done"),"",IF(E15<Settings!$B$5,"Overdue","")) | H15: =IF(G15="Overdue",Settings!$B$5-E15,"")
A16: Share November content calendar | B16: C02 | C16: Internal | D16: Brand team | E16: 46328 | F16: Open | G16: =IF(OR(A16="",F16="Done"),"",IF(E16<Settings!$B$5,"Overdue","")) | H16: =IF(G16="Overdue",Settings!$B$5-E16,"")
G17: =IF(OR(A17="",F17="Done"),"",IF(E17<Settings!$B$5,"Overdue","")) | H17: =IF(G17="Overdue",Settings!$B$5-E17,"")
G18: =IF(OR(A18="",F18="Done"),"",IF(E18<Settings!$B$5,"Overdue","")) | H18: =IF(G18="Overdue",Settings!$B$5-E18,"")
G19: =IF(OR(A19="",F19="Done"),"",IF(E19<Settings!$B$5,"Overdue","")) | H19: =IF(G19="Overdue",Settings!$B$5-E19,"")
G20: =IF(OR(A20="",F20="Done"),"",IF(E20<Settings!$B$5,"Overdue","")) | H20: =IF(G20="Overdue",Settings!$B$5-E20,"")
G21: =IF(OR(A21="",F21="Done"),"",IF(E21<Settings!$B$5,"Overdue","")) | H21: =IF(G21="Overdue",Settings!$B$5-E21,"")
G22: =IF(OR(A22="",F22="Done"),"",IF(E22<Settings!$B$5,"Overdue","")) | H22: =IF(G22="Overdue",Settings!$B$5-E22,"")
G23: =IF(OR(A23="",F23="Done"),"",IF(E23<Settings!$B$5,"Overdue","")) | H23: =IF(G23="Overdue",Settings!$B$5-E23,"")
G24: =IF(OR(A24="",F24="Done"),"",IF(E24<Settings!$B$5,"Overdue","")) | H24: =IF(G24="Overdue",Settings!$B$5-E24,"")
G25: =IF(OR(A25="",F25="Done"),"",IF(E25<Settings!$B$5,"Overdue","")) | H25: =IF(G25="Overdue",Settings!$B$5-E25,"")
G26: =IF(OR(A26="",F26="Done"),"",IF(E26<Settings!$B$5,"Overdue","")) | H26: =IF(G26="Overdue",Settings!$B$5-E26,"")
G27: =IF(OR(A27="",F27="Done"),"",IF(E27<Settings!$B$5,"Overdue","")) | H27: =IF(G27="Overdue",Settings!$B$5-E27,"")
G28: =IF(OR(A28="",F28="Done"),"",IF(E28<Settings!$B$5,"Overdue","")) | H28: =IF(G28="Overdue",Settings!$B$5-E28,"")
... G104: =IF(OR(A104="",F104="Done"),"",IF(E104<Settings!$B$5,"Overdue","")) | H104: =IF(G104="Overdue",Settings!$B$5-E104,"")
